"service_id","hotel_id","service_name","category","description","price_inr","gst_rate_percent","total_price_inr","availability_hours","staff_required","duration_minutes","is_active","booking_required","advance_booking_hours","seasonal_service","created_at","updated_at"
"SVC0001",41,"Temple Tour","Tourism","Guided cultural tours","1513.74","18.00","1786.21","9AM-9PM",3,113,True,True,35,False,"2025-08-19 00:00:00","2025-08-19 00:00:00"
"SVC0002",40,"Temple Tour","Tourism","Guided cultural tours","1693.41","18.00","1998.22","24 hours",4,49,False,True,30,False,"2025-08-19 00:00:00","2025-08-19 00:00:00"
"SVC0003",35,"Indian Cuisine Restaurant","Dining","Authentic Indian cuisine","949.36","18.00","1120.24","24 hours",2,101,True,False,47,False,"2025-08-19 00:00:00","2025-08-19 00:00:00"
"SVC0004",42,"Ayurvedic Spa","Wellness","Traditional Ayurvedic treatments","2403.43","18.00","2836.05","24 hours",4,36,True,True,39,True,"2025-08-19 00:00:00","2025-08-19 00:00:00"
"SVC0005",20,"Cultural Show","Entertainment","Traditional dance performances","1153.95","18.00","1361.66","9AM-9PM",1,133,True,True,10,False,"2025-08-19 00:00:00","2025-08-19 00:00:00"
"SVC0006",8,"Cultural Show","Entertainment","Traditional dance performances","1245.64","18.00","1469.86","6AM-10PM",4,149,True,False,37,True,"2025-08-19 00:00:00","2025-08-19 00:00:00"
"SVC0007",14,"Airport Transfer","Transportation","Pick-up/drop service","968.99","18.00","1143.41","24 hours",1,203,True,False,4,True,"2025-08-19 00:00:00","2025-08-19 00:00:00"
"SVC0008",5,"Cultural Show","Entertainment","Traditional dance performances","1436.64","18.00","1695.24","6AM-10PM",2,134,True,True,10,False,"2025-08-19 00:00:00","2025-08-19 00:00:00"
"SVC0009",1,"Laundry Service","General","Clothes washing service","131.59","18.00","155.28","9AM-9PM",2,239,False,False,48,False,"2025-08-19 00:00:00","2025-08-19 00:00:00"
"SVC0010",5,"Cultural Show","Entertainment","Traditional dance performances","1323.29","18.00","1561.48","6AM-10PM",4,64,True,False,22,False,"2025-08-19 00:00:00","2025-08-19 00:00:00"
"SVC0011",43,"Indian Cuisine Restaurant","Dining","Authentic Indian cuisine","644.73","18.00","760.78","6AM-10PM",3,66,True,False,20,False,"2025-08-19 00:00:00","2025-08-19 00:00:00"
"SVC0012",35,"Airport Transfer","Transportation","Pick-up/drop service","984.21","18.00","1161.37","9AM-9PM",4,134,True,True,8,True,"2025-08-19 00:00:00","2025-08-19 00:00:00"
"SVC0013",7,"Ayurvedic Spa","Wellness","Traditional Ayurvedic treatments","3179.63","18.00","3751.96","24 hours",2,136,False,False,25,True,"2025-08-19 00:00:00","2025-08-19 00:00:00"
"SVC0014",3,"Airport Transfer","Transportation","Pick-up/drop service","704.11","18.00","830.85","9AM-9PM",3,119,True,False,7,False,"2025-08-19 00:00:00","2025-08-19 00:00:00"
"SVC0015",20,"Yoga & Meditation","Wellness","Morning yoga sessions","428.20","18.00","505.28","6AM-10PM",3,158,False,True,27,True,"2025-08-19 00:00:00","2025-08-19 00:00:00"
"SVC0016",2,"Laundry Service","General","Clothes washing service","181.02","18.00","213.60","6AM-10PM",1,179,True,True,21,False,"2025-08-19 00:00:00","2025-08-19 00:00:00"
"SVC0017",25,"Yoga & Meditation","Wellness","Morning yoga sessions","569.98","18.00","672.58","6AM-10PM",4,118,True,True,7,True,"2025-08-19 00:00:00","2025-08-19 00:00:00"
"SVC0018",25,"Temple Tour","Tourism","Guided cultural tours","1624.36","18.00","1916.74","24 hours",1,155,True,True,6,True,"2025-08-19 00:00:00","2025-08-19 00:00:00"
"SVC0019",26,"Yoga & Meditation","Wellness","Morning yoga sessions","608.35","18.00","717.85","24 hours",2,46,False,True,15,False,"2025-08-19 00:00:00","2025-08-19 00:00:00"
"SVC0020",2,"Ayurvedic Spa","Wellness","Traditional Ayurvedic treatments","2241.06","18.00","2644.45","6AM-10PM",3,226,False,False,26,False,"2025-08-19 00:00:00","2025-08-19 00:00:00"
"SVC0021",15,"Temple Tour","Tourism","Guided cultural tours","1605.61","18.00","1894.62","24 hours",1,176,True,True,23,False,"2025-08-19 00:00:00","2025-08-19 00:00:00"
"SVC0022",17,"Ayurvedic Spa","Wellness","Traditional Ayurvedic treatments","2088.62","18.00","2464.57","9AM-9PM",1,138,True,False,19,True,"2025-08-19 00:00:00","2025-08-19 00:00:00"
"SVC0023",21,"Room Service","General","In-room dining service","203.78","18.00","240.46","24 hours",1,204,True,True,29,True,"2025-08-19 00:00:00","2025-08-19 00:00:00"
"SVC0024",24,"Airport Transfer","Transportation","Pick-up/drop service","720.03","18.00","849.64","24 hours",3,99,True,True,38,False,"2025-08-19 00:00:00","2025-08-19 00:00:00"
"SVC0025",44,"Laundry Service","General","Clothes washing service","160.50","18.00","189.39","6AM-10PM",1,66,True,True,25,True,"2025-08-19 00:00:00","2025-08-19 00:00:00"
"SVC0026",10,"Laundry Service","General","Clothes washing service","145.51","18.00","171.70","9AM-9PM",2,185,True,False,26,True,"2025-08-19 00:00:00","2025-08-19 00:00:00"
"SVC0027",44,"Airport Transfer","Transportation","Pick-up/drop service","671.10","18.00","791.90","24 hours",4,70,False,False,48,False,"2025-08-19 00:00:00","2025-08-19 00:00:00"
"SVC0028",12,"Yoga & Meditation","Wellness","Morning yoga sessions","569.33","18.00","671.81","6AM-10PM",3,41,True,True,17,True,"2025-08-19 00:00:00","2025-08-19 00:00:00"
"SVC0029",30,"Laundry Service","General","Clothes washing service","140.79","18.00","166.13","9AM-9PM",4,70,True,True,48,True,"2025-08-19 00:00:00","2025-08-19 00:00:00"
"SVC0030",9,"Temple Tour","Tourism","Guided cultural tours","1605.31","18.00","1894.27","9AM-9PM",3,158,True,True,47,False,"2025-08-19 00:00:00","2025-08-19 00:00:00"
"SVC0031",12,"Temple Tour","Tourism","Guided cultural tours","1886.81","18.00","2226.44","6AM-10PM",4,199,False,False,41,True,"2025-08-19 00:00:00","2025-08-19 00:00:00"
"SVC0032",24,"Temple Tour","Tourism","Guided cultural tours","1800.98","18.00","2125.16","24 hours",2,203,True,False,20,False,"2025-08-19 00:00:00","2025-08-19 00:00:00"
"SVC0033",25,"Ayurvedic Spa","Wellness","Traditional Ayurvedic treatments","2038.35","18.00","2405.25","9AM-9PM",1,126,False,True,21,True,"2025-08-19 00:00:00","2025-08-19 00:00:00"
"SVC0034",41,"Cultural Show","Entertainment","Traditional dance performances","1328.63","18.00","1567.78","6AM-10PM",2,64,False,True,32,True,"2025-08-19 00:00:00","2025-08-19 00:00:00"
"SVC0035",10,"Indian Cuisine Restaurant","Dining","Authentic Indian cuisine","916.63","18.00","1081.62","6AM-10PM",4,118,True,False,33,True,"2025-08-19 00:00:00","2025-08-19 00:00:00"
"SVC0036",32,"Yoga & Meditation","Wellness","Morning yoga sessions","476.36","18.00","562.10","9AM-9PM",3,113,True,True,47,True,"2025-08-19 00:00:00","2025-08-19 00:00:00"
"SVC0037",24,"Indian Cuisine Restaurant","Dining","Authentic Indian cuisine","999.62","18.00","1179.55","6AM-10PM",4,153,False,False,24,False,"2025-08-19 00:00:00","2025-08-19 00:00:00"
"SVC0038",10,"Room Service","General","In-room dining service","225.52","18.00","266.11","9AM-9PM",3,47,True,True,43,False,"2025-08-19 00:00:00","2025-08-19 00:00:00"
"SVC0039",9,"Indian Cuisine Restaurant","Dining","Authentic Indian cuisine","861.29","18.00","1016.32","24 hours",4,137,True,False,45,True,"2025-08-19 00:00:00","2025-08-19 00:00:00"
"SVC0040",28,"Indian Cuisine Restaurant","Dining","Authentic Indian cuisine","816.01","18.00","962.89","9AM-9PM",2,31,False,True,42,False,"2025-08-19 00:00:00","2025-08-19 00:00:00"
"SVC0041",4,"Airport Transfer","Transportation","Pick-up/drop service","872.17","18.00","1029.16","6AM-10PM",4,94,False,True,35,True,"2025-08-19 00:00:00","2025-08-19 00:00:00"
"SVC0042",28,"Temple Tour","Tourism","Guided cultural tours","1229.59","18.00","1450.92","6AM-10PM",4,78,False,False,40,True,"2025-08-19 00:00:00","2025-08-19 00:00:00"
"SVC0043",1,"Laundry Service","General","Clothes washing service","187.75","18.00","221.55","6AM-10PM",2,174,True,True,33,False,"2025-08-19 00:00:00","2025-08-19 00:00:00"
"SVC0044",39,"Room Service","General","In-room dining service","176.87","18.00","208.71","9AM-9PM",4,176,True,True,33,False,"2025-08-19 00:00:00","2025-08-19 00:00:00"
"SVC0045",38,"Airport Transfer","Transportation","Pick-up/drop service","846.66","18.00","999.06","6AM-10PM",4,149,False,False,2,False,"2025-08-19 00:00:00","2025-08-19 00:00:00"
"SVC0046",49,"Cultural Show","Entertainment","Traditional dance performances","1090.88","18.00","1287.24","24 hours",4,69,True,True,9,False,"2025-08-19 00:00:00","2025-08-19 00:00:00"
"SVC0047",19,"Ayurvedic Spa","Wellness","Traditional Ayurvedic treatments","2143.20","18.00","2528.98","24 hours",3,105,False,True,10,True,"2025-08-19 00:00:00","2025-08-19 00:00:00"
"SVC0048",7,"Room Service","General","In-room dining service","222.19","18.00","262.18","6AM-10PM",1,200,False,False,32,False,"2025-08-19 00:00:00","2025-08-19 00:00:00"
"SVC0049",11,"Indian Cuisine Restaurant","Dining","Authentic Indian cuisine","903.38","18.00","1065.99","24 hours",4,156,True,True,20,True,"2025-08-19 00:00:00","2025-08-19 00:00:00"
"SVC0050",44,"Cultural Show","Entertainment","Traditional dance performances","1332.12","18.00","1571.90","24 hours",1,136,True,False,38,True,"2025-08-19 00:00:00","2025-08-19 00:00:00"
"SVC0051",4,"Laundry Service","General","Clothes washing service","128.88","18.00","152.08","9AM-9PM",1,129,True,True,3,True,"2025-08-19 00:00:00","2025-08-19 00:00:00"
"SVC0052",24,"Laundry Service","General","Clothes washing service","186.45","18.00","220.01","6AM-10PM",1,55,True,True,4,False,"2025-08-19 00:00:00","2025-08-19 00:00:00"
"SVC0053",13,"Laundry Service","General","Clothes washing service","154.98","18.00","182.88","6AM-10PM",3,125,False,True,26,True,"2025-08-19 00:00:00","2025-08-19 00:00:00"
"SVC0054",30,"Yoga & Meditation","Wellness","Morning yoga sessions","537.07","18.00","633.74","9AM-9PM",2,161,False,True,4,True,"2025-08-19 00:00:00","2025-08-19 00:00:00"
"SVC0055",2,"Ayurvedic Spa","Wellness","Traditional Ayurvedic treatments","3022.38","18.00","3566.41","9AM-9PM",3,74,True,False,36,False,"2025-08-19 00:00:00","2025-08-19 00:00:00"
"SVC0056",21,"Temple Tour","Tourism","Guided cultural tours","1625.30","18.00","1917.85","24 hours",2,180,True,False,38,True,"2025-08-19 00:00:00","2025-08-19 00:00:00"
"SVC0057",2,"Yoga & Meditation","Wellness","Morning yoga sessions","544.25","18.00","642.22","9AM-9PM",2,69,True,True,33,False,"2025-08-19 00:00:00","2025-08-19 00:00:00"
"SVC0058",18,"Yoga & Meditation","Wellness","Morning yoga sessions","575.10","18.00","678.62","9AM-9PM",1,176,True,False,10,True,"2025-08-19 00:00:00","2025-08-19 00:00:00"
"SVC0059",22,"Airport Transfer","Transportation","Pick-up/drop service","812.61","18.00","958.88","6AM-10PM",4,116,False,False,38,True,"2025-08-19 00:00:00","2025-08-19 00:00:00"
"SVC0060",44,"Room Service","General","In-room dining service","211.89","18.00","250.03","24 hours",1,193,True,True,4,True,"2025-08-19 00:00:00","2025-08-19 00:00:00"
"SVC0061",1,"Temple Tour","Tourism","Guided cultural tours","1212.28","18.00","1430.49","9AM-9PM",3,218,True,False,12,False,"2025-08-19 00:00:00","2025-08-19 00:00:00"
"SVC0062",39,"Airport Transfer","Transportation","Pick-up/drop service","667.17","18.00","787.26","9AM-9PM",4,119,True,False,16,False,"2025-08-19 00:00:00","2025-08-19 00:00:00"
"SVC0063",32,"Indian Cuisine Restaurant","Dining","Authentic Indian cuisine","929.37","18.00","1096.66","9AM-9PM",3,208,True,False,41,True,"2025-08-19 00:00:00","2025-08-19 00:00:00"
"SVC0064",13,"Yoga & Meditation","Wellness","Morning yoga sessions","600.98","18.00","709.16","6AM-10PM",2,201,True,False,6,True,"2025-08-19 00:00:00","2025-08-19 00:00:00"
"SVC0065",17,"Cultural Show","Entertainment","Traditional dance performances","996.94","18.00","1176.39","9AM-9PM",4,88,True,True,22,False,"2025-08-19 00:00:00","2025-08-19 00:00:00"
"SVC0066",30,"Airport Transfer","Transportation","Pick-up/drop service","875.02","18.00","1032.52","9AM-9PM",2,199,True,False,28,True,"2025-08-19 00:00:00","2025-08-19 00:00:00"
"SVC0067",12,"Cultural Show","Entertainment","Traditional dance performances","1387.20","18.00","1636.90","6AM-10PM",3,132,True,True,7,False,"2025-08-19 00:00:00","2025-08-19 00:00:00"
"SVC0068",18,"Indian Cuisine Restaurant","Dining","Authentic Indian cuisine","646.47","18.00","762.83","6AM-10PM",2,172,False,True,46,False,"2025-08-19 00:00:00","2025-08-19 00:00:00"
"SVC0069",43,"Room Service","General","In-room dining service","237.06","18.00","279.73","24 hours",3,134,True,True,46,False,"2025-08-19 00:00:00","2025-08-19 00:00:00"
"SVC0070",46,"Yoga & Meditation","Wellness","Morning yoga sessions","607.70","18.00","717.09","6AM-10PM",4,206,True,False,45,False,"2025-08-19 00:00:00","2025-08-19 00:00:00"
"SVC0071",38,"Indian Cuisine Restaurant","Dining","Authentic Indian cuisine","1023.25","18.00","1207.44","9AM-9PM",4,36,False,False,25,True,"2025-08-19 00:00:00","2025-08-19 00:00:00"
"SVC0072",34,"Yoga & Meditation","Wellness","Morning yoga sessions","543.15","18.00","640.92","6AM-10PM",2,66,False,True,43,True,"2025-08-19 00:00:00","2025-08-19 00:00:00"
"SVC0073",27,"Temple Tour","Tourism","Guided cultural tours","1865.35","18.00","2201.11","6AM-10PM",4,56,True,True,35,True,"2025-08-19 00:00:00","2025-08-19 00:00:00"
"SVC0074",48,"Temple Tour","Tourism","Guided cultural tours","1268.35","18.00","1496.65","24 hours",1,74,True,True,27,True,"2025-08-19 00:00:00","2025-08-19 00:00:00"
"SVC0075",3,"Yoga & Meditation","Wellness","Morning yoga sessions","521.17","18.00","614.98","24 hours",2,77,True,False,21,False,"2025-08-19 00:00:00","2025-08-19 00:00:00"
"SVC0076",5,"Airport Transfer","Transportation","Pick-up/drop service","971.31","18.00","1146.15","6AM-10PM",1,198,True,True,44,False,"2025-08-19 00:00:00","2025-08-19 00:00:00"
"SVC0077",19,"Indian Cuisine Restaurant","Dining","Authentic Indian cuisine","830.56","18.00","980.06","6AM-10PM",3,46,False,True,45,False,"2025-08-19 00:00:00","2025-08-19 00:00:00"
"SVC0078",23,"Yoga & Meditation","Wellness","Morning yoga sessions","552.22","18.00","651.62","24 hours",1,84,False,False,21,False,"2025-08-19 00:00:00","2025-08-19 00:00:00"
"SVC0079",32,"Airport Transfer","Transportation","Pick-up/drop service","756.78","18.00","893.00","6AM-10PM",3,151,True,True,40,True,"2025-08-19 00:00:00","2025-08-19 00:00:00"
"SVC0080",21,"Ayurvedic Spa","Wellness","Traditional Ayurvedic treatments","2059.88","18.00","2430.66","6AM-10PM",4,162,True,False,45,False,"2025-08-19 00:00:00","2025-08-19 00:00:00"
"SVC0081",26,"Laundry Service","General","Clothes washing service","185.52","18.00","218.91","6AM-10PM",1,215,False,False,36,False,"2025-08-19 00:00:00","2025-08-19 00:00:00"
"SVC0082",30,"Temple Tour","Tourism","Guided cultural tours","1478.14","18.00","1744.21","24 hours",4,32,False,False,15,False,"2025-08-19 00:00:00","2025-08-19 00:00:00"
"SVC0083",49,"Indian Cuisine Restaurant","Dining","Authentic Indian cuisine","1009.48","18.00","1191.19","9AM-9PM",4,76,False,False,44,False,"2025-08-19 00:00:00","2025-08-19 00:00:00"
"SVC0084",14,"Temple Tour","Tourism","Guided cultural tours","1424.84","18.00","1681.31","9AM-9PM",1,130,False,True,30,True,"2025-08-19 00:00:00","2025-08-19 00:00:00"
"SVC0085",33,"Laundry Service","General","Clothes washing service","167.46","18.00","197.60","9AM-9PM",4,38,False,True,40,True,"2025-08-19 00:00:00","2025-08-19 00:00:00"
"SVC0086",16,"Cultural Show","Entertainment","Traditional dance performances","1152.83","18.00","1360.34","24 hours",3,81,True,True,37,True,"2025-08-19 00:00:00","2025-08-19 00:00:00"
"SVC0087",46,"Laundry Service","General","Clothes washing service","161.04","18.00","190.03","24 hours",1,143,True,False,21,False,"2025-08-19 00:00:00","2025-08-19 00:00:00"
"SVC0088",30,"Temple Tour","Tourism","Guided cultural tours","1274.28","18.00","1503.65","24 hours",1,223,False,True,17,True,"2025-08-19 00:00:00","2025-08-19 00:00:00"
"SVC0089",47,"Laundry Service","General","Clothes washing service","150.71","18.00","177.84","6AM-10PM",1,87,False,False,4,True,"2025-08-19 00:00:00","2025-08-19 00:00:00"
"SVC0090",17,"Temple Tour","Tourism","Guided cultural tours","1434.93","18.00","1693.22","6AM-10PM",2,185,True,True,38,False,"2025-08-19 00:00:00","2025-08-19 00:00:00"
"SVC0091",49,"Airport Transfer","Transportation","Pick-up/drop service","689.42","18.00","813.52","24 hours",3,39,True,False,47,True,"2025-08-19 00:00:00","2025-08-19 00:00:00"
"SVC0092",46,"Ayurvedic Spa","Wellness","Traditional Ayurvedic treatments","2598.49","18.00","3066.22","6AM-10PM",2,112,True,False,6,True,"2025-08-19 00:00:00","2025-08-19 00:00:00"
"SVC0093",42,"Airport Transfer","Transportation","Pick-up/drop service","1017.22","18.00","1200.32","24 hours",2,87,True,False,11,True,"2025-08-19 00:00:00","2025-08-19 00:00:00"
"SVC0094",25,"Laundry Service","General","Clothes washing service","149.60","18.00","176.53","24 hours",4,64,False,True,36,True,"2025-08-19 00:00:00","2025-08-19 00:00:00"
"SVC0095",13,"Yoga & Meditation","Wellness","Morning yoga sessions","500.25","18.00","590.30","6AM-10PM",4,232,True,True,28,True,"2025-08-19 00:00:00","2025-08-19 00:00:00"
"SVC0096",3,"Cultural Show","Entertainment","Traditional dance performances","1252.34","18.00","1477.76","6AM-10PM",4,172,True,False,17,True,"2025-08-19 00:00:00","2025-08-19 00:00:00"
"SVC0097",29,"Cultural Show","Entertainment","Traditional dance performances","1153.50","18.00","1361.13","9AM-9PM",4,174,False,True,17,False,"2025-08-19 00:00:00","2025-08-19 00:00:00"
"SVC0098",9,"Indian Cuisine Restaurant","Dining","Authentic Indian cuisine","891.30","18.00","1051.73","9AM-9PM",4,57,True,True,28,False,"2025-08-19 00:00:00","2025-08-19 00:00:00"
"SVC0099",17,"Laundry Service","General","Clothes washing service","194.84","18.00","229.91","24 hours",2,161,True,False,44,False,"2025-08-19 00:00:00","2025-08-19 00:00:00"
"SVC0100",3,"Indian Cuisine Restaurant","Dining","Authentic Indian cuisine","922.45","18.00","1088.49","24 hours",3,104,True,False,22,False,"2025-08-19 00:00:00","2025-08-19 00:00:00"
"SVC0101",16,"Airport Transfer","Transportation","Pick-up/drop service","795.54","18.00","938.74","9AM-9PM",3,172,True,False,17,False,"2025-08-19 00:00:00","2025-08-19 00:00:00"
"SVC0102",38,"Cultural Show","Entertainment","Traditional dance performances","992.19","18.00","1170.78","9AM-9PM",2,82,False,True,7,False,"2025-08-19 00:00:00","2025-08-19 00:00:00"
"SVC0103",31,"Yoga & Meditation","Wellness","Morning yoga sessions","450.37","18.00","531.44","9AM-9PM",3,168,True,False,31,False,"2025-08-19 00:00:00","2025-08-19 00:00:00"
"SVC0104",15,"Indian Cuisine Restaurant","Dining","Authentic Indian cuisine","816.47","18.00","963.43","6AM-10PM",3,146,True,False,10,True,"2025-08-19 00:00:00","2025-08-19 00:00:00"
"SVC0105",9,"Ayurvedic Spa","Wellness","Traditional Ayurvedic treatments","2339.70","18.00","2760.85","24 hours",1,186,True,False,18,False,"2025-08-19 00:00:00","2025-08-19 00:00:00"
"SVC0106",11,"Cultural Show","Entertainment","Traditional dance performances","1206.01","18.00","1423.09","24 hours",1,127,True,False,23,True,"2025-08-19 00:00:00","2025-08-19 00:00:00"
"SVC0107",44,"Laundry Service","General","Clothes washing service","170.71","18.00","201.44","6AM-10PM",2,147,True,True,41,True,"2025-08-19 00:00:00","2025-08-19 00:00:00"
"SVC0108",12,"Room Service","General","In-room dining service","200.82","18.00","236.97","6AM-10PM",4,92,True,False,17,True,"2025-08-19 00:00:00","2025-08-19 00:00:00"
"SVC0109",29,"Room Service","General","In-room dining service","235.99","18.00","278.47","9AM-9PM",4,235,False,True,15,True,"2025-08-19 00:00:00","2025-08-19 00:00:00"
"SVC0110",16,"Ayurvedic Spa","Wellness","Traditional Ayurvedic treatments","2387.34","18.00","2817.06","24 hours",1,45,True,True,44,True,"2025-08-19 00:00:00","2025-08-19 00:00:00"
"SVC0111",17,"Room Service","General","In-room dining service","169.98","18.00","200.58","9AM-9PM",3,104,False,False,24,True,"2025-08-19 00:00:00","2025-08-19 00:00:00"
"SVC0112",27,"Room Service","General","In-room dining service","203.36","18.00","239.96","24 hours",4,198,False,False,36,False,"2025-08-19 00:00:00","2025-08-19 00:00:00"
"SVC0113",32,"Cultural Show","Entertainment","Traditional dance performances","1021.07","18.00","1204.86","6AM-10PM",3,52,False,True,46,True,"2025-08-19 00:00:00","2025-08-19 00:00:00"
"SVC0114",20,"Indian Cuisine Restaurant","Dining","Authentic Indian cuisine","846.63","18.00","999.02","24 hours",1,54,False,False,35,True,"2025-08-19 00:00:00","2025-08-19 00:00:00"
"SVC0115",4,"Indian Cuisine Restaurant","Dining","Authentic Indian cuisine","816.58","18.00","963.56","24 hours",2,186,True,True,15,False,"2025-08-19 00:00:00","2025-08-19 00:00:00"
"SVC0116",45,"Temple Tour","Tourism","Guided cultural tours","1581.01","18.00","1865.59","6AM-10PM",1,64,False,False,31,True,"2025-08-19 00:00:00","2025-08-19 00:00:00"
"SVC0117",34,"Cultural Show","Entertainment","Traditional dance performances","1550.78","18.00","1829.92","24 hours",1,217,True,False,18,True,"2025-08-19 00:00:00","2025-08-19 00:00:00"
"SVC0118",35,"Yoga & Meditation","Wellness","Morning yoga sessions","589.05","18.00","695.08","9AM-9PM",2,129,False,True,39,False,"2025-08-19 00:00:00","2025-08-19 00:00:00"
"SVC0119",36,"Ayurvedic Spa","Wellness","Traditional Ayurvedic treatments","3028.09","18.00","3573.15","24 hours",2,230,True,True,40,False,"2025-08-19 00:00:00","2025-08-19 00:00:00"
"SVC0120",7,"Temple Tour","Tourism","Guided cultural tours","1884.38","18.00","2223.57","6AM-10PM",4,160,False,False,13,True,"2025-08-19 00:00:00","2025-08-19 00:00:00"
"SVC0121",3,"Laundry Service","General","Clothes washing service","130.29","18.00","153.74","24 hours",3,40,False,False,37,False,"2025-08-19 00:00:00","2025-08-19 00:00:00"
"SVC0122",39,"Temple Tour","Tourism","Guided cultural tours","1761.42","18.00","2078.48","9AM-9PM",4,182,False,False,11,False,"2025-08-19 00:00:00","2025-08-19 00:00:00"
"SVC0123",34,"Cultural Show","Entertainment","Traditional dance performances","1169.52","18.00","1380.03","24 hours",4,62,True,True,43,False,"2025-08-19 00:00:00","2025-08-19 00:00:00"
"SVC0124",35,"Indian Cuisine Restaurant","Dining","Authentic Indian cuisine","1011.98","18.00","1194.14","6AM-10PM",4,52,False,True,30,False,"2025-08-19 00:00:00","2025-08-19 00:00:00"
"SVC0125",19,"Temple Tour","Tourism","Guided cultural tours","1594.71","18.00","1881.76","9AM-9PM",4,114,True,False,11,False,"2025-08-19 00:00:00","2025-08-19 00:00:00"
"SVC0126",28,"Yoga & Meditation","Wellness","Morning yoga sessions","405.84","18.00","478.89","6AM-10PM",3,139,True,True,32,False,"2025-08-19 00:00:00","2025-08-19 00:00:00"
"SVC0127",47,"Cultural Show","Entertainment","Traditional dance performances","1250.74","18.00","1475.87","6AM-10PM",2,187,True,False,19,True,"2025-08-19 00:00:00","2025-08-19 00:00:00"
"SVC0128",35,"Cultural Show","Entertainment","Traditional dance performances","977.63","18.00","1153.60","24 hours",1,85,False,False,7,True,"2025-08-19 00:00:00","2025-08-19 00:00:00"
"SVC0129",5,"Temple Tour","Tourism","Guided cultural tours","1208.24","18.00","1425.72","6AM-10PM",1,228,True,True,2,False,"2025-08-19 00:00:00","2025-08-19 00:00:00"
"SVC0130",10,"Cultural Show","Entertainment","Traditional dance performances","1447.42","18.00","1707.96","24 hours",2,221,False,False,17,True,"2025-08-19 00:00:00","2025-08-19 00:00:00"
"SVC0131",25,"Cultural Show","Entertainment","Traditional dance performances","1556.04","18.00","1836.13","6AM-10PM",1,211,False,False,31,True,"2025-08-19 00:00:00","2025-08-19 00:00:00"
"SVC0132",5,"Temple Tour","Tourism","Guided cultural tours","1741.85","18.00","2055.38","24 hours",3,114,True,True,18,False,"2025-08-19 00:00:00","2025-08-19 00:00:00"
"SVC0133",4,"Cultural Show","Entertainment","Traditional dance performances","1099.68","18.00","1297.62","6AM-10PM",2,107,False,True,25,False,"2025-08-19 00:00:00","2025-08-19 00:00:00"
"SVC0134",3,"Ayurvedic Spa","Wellness","Traditional Ayurvedic treatments","2050.97","18.00","2420.14","6AM-10PM",4,34,True,False,35,True,"2025-08-19 00:00:00","2025-08-19 00:00:00"
"SVC0135",37,"Indian Cuisine Restaurant","Dining","Authentic Indian cuisine","662.81","18.00","782.12","24 hours",1,186,True,True,19,False,"2025-08-19 00:00:00","2025-08-19 00:00:00"
"SVC0136",42,"Indian Cuisine Restaurant","Dining","Authentic Indian cuisine","941.88","18.00","1111.42","9AM-9PM",3,225,False,True,44,True,"2025-08-19 00:00:00","2025-08-19 00:00:00"
"SVC0137",13,"Indian Cuisine Restaurant","Dining","Authentic Indian cuisine","961.86","18.00","1134.99","24 hours",1,92,True,False,26,False,"2025-08-19 00:00:00","2025-08-19 00:00:00"
"SVC0138",1,"Ayurvedic Spa","Wellness","Traditional Ayurvedic treatments","2989.13","18.00","3527.17","24 hours",4,84,True,True,36,False,"2025-08-19 00:00:00","2025-08-19 00:00:00"
"SVC0139",30,"Temple Tour","Tourism","Guided cultural tours","1924.88","18.00","2271.36","6AM-10PM",2,38,False,False,44,True,"2025-08-19 00:00:00","2025-08-19 00:00:00"
"SVC0140",21,"Ayurvedic Spa","Wellness","Traditional Ayurvedic treatments","2159.89","18.00","2548.67","9AM-9PM",4,140,True,False,47,False,"2025-08-19 00:00:00","2025-08-19 00:00:00"
"SVC0141",31,"Temple Tour","Tourism","Guided cultural tours","1473.85","18.00","1739.14","9AM-9PM",4,46,True,False,15,False,"2025-08-19 00:00:00","2025-08-19 00:00:00"
"SVC0142",49,"Yoga & Meditation","Wellness","Morning yoga sessions","413.66","18.00","488.12","9AM-9PM",1,116,True,False,38,True,"2025-08-19 00:00:00","2025-08-19 00:00:00"
"SVC0143",13,"Airport Transfer","Transportation","Pick-up/drop service","851.52","18.00","1004.79","24 hours",2,60,True,False,14,False,"2025-08-19 00:00:00","2025-08-19 00:00:00"
"SVC0144",26,"Temple Tour","Tourism","Guided cultural tours","1713.82","18.00","2022.31","24 hours",3,78,True,True,29,True,"2025-08-19 00:00:00","2025-08-19 00:00:00"
"SVC0145",23,"Room Service","General","In-room dining service","180.72","18.00","213.25","6AM-10PM",2,202,False,False,30,False,"2025-08-19 00:00:00","2025-08-19 00:00:00"
"SVC0146",5,"Temple Tour","Tourism","Guided cultural tours","1542.22","18.00","1819.82","24 hours",4,141,False,False,43,False,"2025-08-19 00:00:00","2025-08-19 00:00:00"
"SVC0147",27,"Laundry Service","General","Clothes washing service","120.40","18.00","142.07","9AM-9PM",3,55,True,False,13,True,"2025-08-19 00:00:00","2025-08-19 00:00:00"
"SVC0148",20,"Cultural Show","Entertainment","Traditional dance performances","1530.79","18.00","1806.33","9AM-9PM",3,30,False,True,12,True,"2025-08-19 00:00:00","2025-08-19 00:00:00"
"SVC0149",23,"Laundry Service","General","Clothes washing service","155.22","18.00","183.16","6AM-10PM",4,84,False,True,23,False,"2025-08-19 00:00:00","2025-08-19 00:00:00"
"SVC0150",18,"Cultural Show","Entertainment","Traditional dance performances","1021.10","18.00","1204.90","24 hours",3,71,True,True,37,False,"2025-08-19 00:00:00","2025-08-19 00:00:00"
"SVC0151",42,"Airport Transfer","Transportation","Pick-up/drop service","727.36","18.00","858.28","24 hours",2,217,True,False,4,True,"2025-08-19 00:00:00","2025-08-19 00:00:00"
"SVC0152",28,"Airport Transfer","Transportation","Pick-up/drop service","673.96","18.00","795.27","6AM-10PM",1,96,True,True,46,False,"2025-08-19 00:00:00","2025-08-19 00:00:00"
"SVC0153",25,"Cultural Show","Entertainment","Traditional dance performances","1425.10","18.00","1681.62","6AM-10PM",4,99,True,True,18,True,"2025-08-19 00:00:00","2025-08-19 00:00:00"
"SVC0154",15,"Temple Tour","Tourism","Guided cultural tours","1607.84","18.00","1897.25","9AM-9PM",1,165,True,True,36,False,"2025-08-19 00:00:00","2025-08-19 00:00:00"
"SVC0155",9,"Ayurvedic Spa","Wellness","Traditional Ayurvedic treatments","2278.04","18.00","2688.09","24 hours",4,99,True,False,11,True,"2025-08-19 00:00:00","2025-08-19 00:00:00"
"SVC0156",38,"Room Service","General","In-room dining service","230.17","18.00","271.60","9AM-9PM",4,111,True,True,15,True,"2025-08-19 00:00:00","2025-08-19 00:00:00"
"SVC0157",2,"Yoga & Meditation","Wellness","Morning yoga sessions","608.15","18.00","717.62","6AM-10PM",1,172,True,True,33,True,"2025-08-19 00:00:00","2025-08-19 00:00:00"
"SVC0158",25,"Yoga & Meditation","Wellness","Morning yoga sessions","440.33","18.00","519.59","9AM-9PM",4,199,True,False,31,True,"2025-08-19 00:00:00","2025-08-19 00:00:00"
"SVC0159",17,"Indian Cuisine Restaurant","Dining","Authentic Indian cuisine","993.48","18.00","1172.31","9AM-9PM",2,132,True,False,41,False,"2025-08-19 00:00:00","2025-08-19 00:00:00"
"SVC0160",28,"Temple Tour","Tourism","Guided cultural tours","1826.68","18.00","2155.48","6AM-10PM",3,169,False,True,10,True,"2025-08-19 00:00:00","2025-08-19 00:00:00"
"SVC0161",22,"Airport Transfer","Transportation","Pick-up/drop service","765.29","18.00","903.04","24 hours",3,184,True,True,27,True,"2025-08-19 00:00:00","2025-08-19 00:00:00"
"SVC0162",26,"Cultural Show","Entertainment","Traditional dance performances","1115.07","18.00","1315.78","24 hours",2,173,True,False,21,False,"2025-08-19 00:00:00","2025-08-19 00:00:00"
"SVC0163",24,"Airport Transfer","Transportation","Pick-up/drop service","1035.40","18.00","1221.77","24 hours",3,97,False,True,3,True,"2025-08-19 00:00:00","2025-08-19 00:00:00"
"SVC0164",13,"Yoga & Meditation","Wellness","Morning yoga sessions","609.17","18.00","718.82","9AM-9PM",2,196,True,True,3,True,"2025-08-19 00:00:00","2025-08-19 00:00:00"
"SVC0165",6,"Airport Transfer","Transportation","Pick-up/drop service","987.57","18.00","1165.33","24 hours",2,133,True,True,8,True,"2025-08-19 00:00:00","2025-08-19 00:00:00"
"SVC0166",1,"Laundry Service","General","Clothes washing service","186.96","18.00","220.61","24 hours",4,83,True,True,15,True,"2025-08-19 00:00:00","2025-08-19 00:00:00"
"SVC0167",35,"Indian Cuisine Restaurant","Dining","Authentic Indian cuisine","997.06","18.00","1176.53","24 hours",2,117,True,True,45,False,"2025-08-19 00:00:00","2025-08-19 00:00:00"
"SVC0168",8,"Airport Transfer","Transportation","Pick-up/drop service","695.64","18.00","820.86","24 hours",4,207,True,True,32,True,"2025-08-19 00:00:00","2025-08-19 00:00:00"
"SVC0169",1,"Temple Tour","Tourism","Guided cultural tours","1221.01","18.00","1440.79","6AM-10PM",2,69,True,True,37,True,"2025-08-19 00:00:00","2025-08-19 00:00:00"
"SVC0170",17,"Airport Transfer","Transportation","Pick-up/drop service","1009.91","18.00","1191.69","9AM-9PM",1,52,True,True,26,False,"2025-08-19 00:00:00","2025-08-19 00:00:00"
"SVC0171",18,"Indian Cuisine Restaurant","Dining","Authentic Indian cuisine","656.43","18.00","774.59","6AM-10PM",3,92,True,False,32,True,"2025-08-19 00:00:00","2025-08-19 00:00:00"
"SVC0172",24,"Laundry Service","General","Clothes washing service","189.62","18.00","223.75","6AM-10PM",1,237,True,True,8,True,"2025-08-19 00:00:00","2025-08-19 00:00:00"
"SVC0173",32,"Cultural Show","Entertainment","Traditional dance performances","1422.88","18.00","1679.00","9AM-9PM",4,109,False,True,16,False,"2025-08-19 00:00:00","2025-08-19 00:00:00"
"SVC0174",37,"Room Service","General","In-room dining service","164.68","18.00","194.32","24 hours",4,102,True,True,19,True,"2025-08-19 00:00:00","2025-08-19 00:00:00"
"SVC0175",23,"Cultural Show","Entertainment","Traditional dance performances","1453.10","18.00","1714.66","24 hours",3,162,False,True,10,True,"2025-08-19 00:00:00","2025-08-19 00:00:00"
"SVC0176",39,"Temple Tour","Tourism","Guided cultural tours","1624.73","18.00","1917.18","9AM-9PM",4,80,True,False,31,True,"2025-08-19 00:00:00","2025-08-19 00:00:00"
"SVC0177",25,"Temple Tour","Tourism","Guided cultural tours","1866.84","18.00","2202.87","9AM-9PM",3,199,False,False,17,False,"2025-08-19 00:00:00","2025-08-19 00:00:00"
"SVC0178",15,"Cultural Show","Entertainment","Traditional dance performances","1378.00","18.00","1626.04","9AM-9PM",2,60,True,True,34,True,"2025-08-19 00:00:00","2025-08-19 00:00:00"
"SVC0179",46,"Room Service","General","In-room dining service","167.54","18.00","197.70","24 hours",2,179,True,False,22,False,"2025-08-19 00:00:00","2025-08-19 00:00:00"
"SVC0180",19,"Laundry Service","General","Clothes washing service","120.87","18.00","142.63","24 hours",1,50,True,False,3,False,"2025-08-19 00:00:00","2025-08-19 00:00:00"
"SVC0181",22,"Yoga & Meditation","Wellness","Morning yoga sessions","409.80","18.00","483.56","9AM-9PM",1,64,True,True,39,True,"2025-08-19 00:00:00","2025-08-19 00:00:00"
"SVC0182",11,"Indian Cuisine Restaurant","Dining","Authentic Indian cuisine","903.95","18.00","1066.66","24 hours",3,206,True,False,34,False,"2025-08-19 00:00:00","2025-08-19 00:00:00"
"SVC0183",31,"Yoga & Meditation","Wellness","Morning yoga sessions","537.33","18.00","634.05","24 hours",3,175,False,False,5,True,"2025-08-19 00:00:00","2025-08-19 00:00:00"
"SVC0184",44,"Laundry Service","General","Clothes washing service","169.11","18.00","199.55","24 hours",4,91,False,False,10,False,"2025-08-19 00:00:00","2025-08-19 00:00:00"
"SVC0185",1,"Temple Tour","Tourism","Guided cultural tours","1693.65","18.00","1998.51","6AM-10PM",1,228,False,True,15,True,"2025-08-19 00:00:00","2025-08-19 00:00:00"
"SVC0186",36,"Laundry Service","General","Clothes washing service","123.22","18.00","145.40","6AM-10PM",2,135,False,False,9,True,"2025-08-19 00:00:00","2025-08-19 00:00:00"
"SVC0187",45,"Cultural Show","Entertainment","Traditional dance performances","1507.35","18.00","1778.67","24 hours",4,179,True,True,43,True,"2025-08-19 00:00:00","2025-08-19 00:00:00"
"SVC0188",5,"Yoga & Meditation","Wellness","Morning yoga sessions","467.90","18.00","552.12","9AM-9PM",4,53,True,True,20,True,"2025-08-19 00:00:00","2025-08-19 00:00:00"
"SVC0189",18,"Room Service","General","In-room dining service","200.26","18.00","236.31","24 hours",1,120,True,True,44,False,"2025-08-19 00:00:00","2025-08-19 00:00:00"
"SVC0190",29,"Temple Tour","Tourism","Guided cultural tours","1285.22","18.00","1516.56","24 hours",3,84,True,True,47,False,"2025-08-19 00:00:00","2025-08-19 00:00:00"
"SVC0191",24,"Yoga & Meditation","Wellness","Morning yoga sessions","492.34","18.00","580.96","24 hours",2,195,True,True,31,True,"2025-08-19 00:00:00","2025-08-19 00:00:00"
"SVC0192",6,"Ayurvedic Spa","Wellness","Traditional Ayurvedic treatments","2245.65","18.00","2649.87","24 hours",4,154,False,False,41,False,"2025-08-19 00:00:00","2025-08-19 00:00:00"
"SVC0193",10,"Ayurvedic Spa","Wellness","Traditional Ayurvedic treatments","2364.27","18.00","2789.84","24 hours",4,232,False,False,37,True,"2025-08-19 00:00:00","2025-08-19 00:00:00"
"SVC0194",2,"Airport Transfer","Transportation","Pick-up/drop service","890.70","18.00","1051.03","24 hours",1,136,False,True,16,False,"2025-08-19 00:00:00","2025-08-19 00:00:00"
"SVC0195",13,"Ayurvedic Spa","Wellness","Traditional Ayurvedic treatments","3202.93","18.00","3779.46","6AM-10PM",1,99,False,True,44,False,"2025-08-19 00:00:00","2025-08-19 00:00:00"
"SVC0196",28,"Laundry Service","General","Clothes washing service","181.29","18.00","213.92","24 hours",2,39,True,False,31,False,"2025-08-19 00:00:00","2025-08-19 00:00:00"
"SVC0197",26,"Room Service","General","In-room dining service","259.30","18.00","305.97","9AM-9PM",3,211,False,True,39,False,"2025-08-19 00:00:00","2025-08-19 00:00:00"
"SVC0198",33,"Airport Transfer","Transportation","Pick-up/drop service","997.29","18.00","1176.80","9AM-9PM",2,60,False,False,22,False,"2025-08-19 00:00:00","2025-08-19 00:00:00"
"SVC0199",6,"Temple Tour","Tourism","Guided cultural tours","1400.92","18.00","1653.09","24 hours",1,203,False,False,8,False,"2025-08-19 00:00:00","2025-08-19 00:00:00"
"SVC0200",40,"Laundry Service","General","Clothes washing service","174.61","18.00","206.04","9AM-9PM",2,132,True,True,42,True,"2025-08-19 00:00:00","2025-08-19 00:00:00"
"SVC0201",28,"Room Service","General","In-room dining service","196.63","18.00","232.02","24 hours",2,55,False,True,13,True,"2025-08-19 00:00:00","2025-08-19 00:00:00"
"SVC0202",36,"Laundry Service","General","Clothes washing service","181.41","18.00","214.06","24 hours",2,153,True,False,34,True,"2025-08-19 00:00:00","2025-08-19 00:00:00"
"SVC0203",38,"Indian Cuisine Restaurant","Dining","Authentic Indian cuisine","682.70","18.00","805.59","9AM-9PM",3,189,False,True,2,False,"2025-08-19 00:00:00","2025-08-19 00:00:00"
"SVC0204",14,"Room Service","General","In-room dining service","221.45","18.00","261.31","6AM-10PM",4,64,False,True,7,False,"2025-08-19 00:00:00","2025-08-19 00:00:00"
"SVC0205",14,"Yoga & Meditation","Wellness","Morning yoga sessions","527.57","18.00","622.53","9AM-9PM",2,71,True,False,30,True,"2025-08-19 00:00:00","2025-08-19 00:00:00"
"SVC0206",24,"Laundry Service","General","Clothes washing service","152.36","18.00","179.78","24 hours",2,233,True,False,22,True,"2025-08-19 00:00:00","2025-08-19 00:00:00"
"SVC0207",15,"Laundry Service","General","Clothes washing service","173.85","18.00","205.14","9AM-9PM",1,95,False,False,27,True,"2025-08-19 00:00:00","2025-08-19 00:00:00"
"SVC0208",31,"Room Service","General","In-room dining service","167.31","18.00","197.43","9AM-9PM",3,54,False,True,6,True,"2025-08-19 00:00:00","2025-08-19 00:00:00"
"SVC0209",42,"Indian Cuisine Restaurant","Dining","Authentic Indian cuisine","698.01","18.00","823.65","24 hours",1,199,True,True,21,False,"2025-08-19 00:00:00","2025-08-19 00:00:00"
"SVC0210",24,"Yoga & Meditation","Wellness","Morning yoga sessions","434.65","18.00","512.89","6AM-10PM",1,158,True,True,27,False,"2025-08-19 00:00:00","2025-08-19 00:00:00"
"SVC0211",15,"Laundry Service","General","Clothes washing service","134.22","18.00","158.38","24 hours",1,122,True,False,22,False,"2025-08-19 00:00:00","2025-08-19 00:00:00"
"SVC0212",37,"Temple Tour","Tourism","Guided cultural tours","1697.71","18.00","2003.30","9AM-9PM",3,47,True,True,6,True,"2025-08-19 00:00:00","2025-08-19 00:00:00"
"SVC0213",42,"Laundry Service","General","Clothes washing service","183.47","18.00","216.49","24 hours",2,130,True,True,40,True,"2025-08-19 00:00:00","2025-08-19 00:00:00"
"SVC0214",24,"Temple Tour","Tourism","Guided cultural tours","1326.40","18.00","1565.15","6AM-10PM",1,166,True,False,25,True,"2025-08-19 00:00:00","2025-08-19 00:00:00"
"SVC0215",27,"Laundry Service","General","Clothes washing service","146.11","18.00","172.41","24 hours",3,170,False,False,25,False,"2025-08-19 00:00:00","2025-08-19 00:00:00"
"SVC0216",42,"Cultural Show","Entertainment","Traditional dance performances","1185.92","18.00","1399.39","9AM-9PM",2,81,True,False,29,True,"2025-08-19 00:00:00","2025-08-19 00:00:00"
"SVC0217",14,"Yoga & Meditation","Wellness","Morning yoga sessions","628.25","18.00","741.34","24 hours",4,83,True,False,36,True,"2025-08-19 00:00:00","2025-08-19 00:00:00"
"SVC0218",31,"Indian Cuisine Restaurant","Dining","Authentic Indian cuisine","697.23","18.00","822.73","9AM-9PM",4,129,False,False,14,False,"2025-08-19 00:00:00","2025-08-19 00:00:00"
"SVC0219",20,"Temple Tour","Tourism","Guided cultural tours","1315.38","18.00","1552.15","24 hours",4,172,True,False,44,True,"2025-08-19 00:00:00","2025-08-19 00:00:00"
"SVC0220",10,"Ayurvedic Spa","Wellness","Traditional Ayurvedic treatments","3121.78","18.00","3683.70","6AM-10PM",4,203,False,True,33,True,"2025-08-19 00:00:00","2025-08-19 00:00:00"
"SVC0221",18,"Laundry Service","General","Clothes washing service","139.04","18.00","164.07","9AM-9PM",3,135,False,False,43,False,"2025-08-19 00:00:00","2025-08-19 00:00:00"
"SVC0222",40,"Cultural Show","Entertainment","Traditional dance performances","1292.57","18.00","1525.23","24 hours",3,199,True,True,4,True,"2025-08-19 00:00:00","2025-08-19 00:00:00"
"SVC0223",33,"Indian Cuisine Restaurant","Dining","Authentic Indian cuisine","694.92","18.00","820.01","9AM-9PM",4,226,True,False,43,False,"2025-08-19 00:00:00","2025-08-19 00:00:00"
"SVC0224",9,"Yoga & Meditation","Wellness","Morning yoga sessions","512.00","18.00","604.16","6AM-10PM",2,163,True,False,46,True,"2025-08-19 00:00:00","2025-08-19 00:00:00"
"SVC0225",47,"Airport Transfer","Transportation","Pick-up/drop service","728.31","18.00","859.41","9AM-9PM",4,86,True,False,26,False,"2025-08-19 00:00:00","2025-08-19 00:00:00"
"SVC0226",41,"Yoga & Meditation","Wellness","Morning yoga sessions","639.46","18.00","754.56","9AM-9PM",1,204,True,True,11,True,"2025-08-19 00:00:00","2025-08-19 00:00:00"
"SVC0227",16,"Room Service","General","In-room dining service","217.78","18.00","256.98","6AM-10PM",2,69,True,True,14,True,"2025-08-19 00:00:00","2025-08-19 00:00:00"
"SVC0228",10,"Room Service","General","In-room dining service","243.45","18.00","287.27","9AM-9PM",2,65,True,True,46,False,"2025-08-19 00:00:00","2025-08-19 00:00:00"
"SVC0229",11,"Airport Transfer","Transportation","Pick-up/drop service","869.79","18.00","1026.35","9AM-9PM",4,227,True,False,33,False,"2025-08-19 00:00:00","2025-08-19 00:00:00"
"SVC0230",5,"Temple Tour","Tourism","Guided cultural tours","1542.71","18.00","1820.40","9AM-9PM",4,164,False,True,46,True,"2025-08-19 00:00:00","2025-08-19 00:00:00"
"SVC0231",13,"Ayurvedic Spa","Wellness","Traditional Ayurvedic treatments","2083.23","18.00","2458.21","24 hours",2,177,True,True,20,True,"2025-08-19 00:00:00","2025-08-19 00:00:00"
"SVC0232",15,"Yoga & Meditation","Wellness","Morning yoga sessions","490.02","18.00","578.22","6AM-10PM",1,195,False,False,39,False,"2025-08-19 00:00:00","2025-08-19 00:00:00"
"SVC0233",46,"Temple Tour","Tourism","Guided cultural tours","1483.89","18.00","1750.99","9AM-9PM",3,204,True,False,5,False,"2025-08-19 00:00:00","2025-08-19 00:00:00"
"SVC0234",44,"Ayurvedic Spa","Wellness","Traditional Ayurvedic treatments","2317.58","18.00","2734.74","6AM-10PM",3,128,True,True,28,False,"2025-08-19 00:00:00","2025-08-19 00:00:00"
"SVC0235",12,"Indian Cuisine Restaurant","Dining","Authentic Indian cuisine","690.47","18.00","814.75","6AM-10PM",4,99,False,False,15,True,"2025-08-19 00:00:00","2025-08-19 00:00:00"
"SVC0236",13,"Airport Transfer","Transportation","Pick-up/drop service","967.52","18.00","1141.67","24 hours",4,213,False,False,20,True,"2025-08-19 00:00:00","2025-08-19 00:00:00"
"SVC0237",34,"Laundry Service","General","Clothes washing service","121.19","18.00","143.00","6AM-10PM",4,164,True,True,44,True,"2025-08-19 00:00:00","2025-08-19 00:00:00"
"SVC0238",50,"Cultural Show","Entertainment","Traditional dance performances","1148.29","18.00","1354.98","9AM-9PM",3,220,True,True,7,False,"2025-08-19 00:00:00","2025-08-19 00:00:00"
"SVC0239",47,"Indian Cuisine Restaurant","Dining","Authentic Indian cuisine","1030.20","18.00","1215.64","24 hours",4,220,True,False,9,True,"2025-08-19 00:00:00","2025-08-19 00:00:00"
"SVC0240",18,"Laundry Service","General","Clothes washing service","161.38","18.00","190.43","24 hours",4,171,True,True,3,True,"2025-08-19 00:00:00","2025-08-19 00:00:00"
"SVC0241",3,"Cultural Show","Entertainment","Traditional dance performances","1513.00","18.00","1785.34","6AM-10PM",2,96,True,True,25,True,"2025-08-19 00:00:00","2025-08-19 00:00:00"
"SVC0242",19,"Indian Cuisine Restaurant","Dining","Authentic Indian cuisine","703.76","18.00","830.44","6AM-10PM",1,163,True,True,46,True,"2025-08-19 00:00:00","2025-08-19 00:00:00"
"SVC0243",6,"Ayurvedic Spa","Wellness","Traditional Ayurvedic treatments","3209.34","18.00","3787.02","9AM-9PM",2,162,True,False,38,False,"2025-08-19 00:00:00","2025-08-19 00:00:00"
"SVC0244",45,"Airport Transfer","Transportation","Pick-up/drop service","723.50","18.00","853.73","24 hours",3,109,False,False,29,True,"2025-08-19 00:00:00","2025-08-19 00:00:00"
"SVC0245",33,"Room Service","General","In-room dining service","213.04","18.00","251.39","6AM-10PM",3,231,True,True,35,True,"2025-08-19 00:00:00","2025-08-19 00:00:00"
"SVC0246",5,"Temple Tour","Tourism","Guided cultural tours","1678.34","18.00","1980.44","24 hours",3,201,True,False,18,True,"2025-08-19 00:00:00","2025-08-19 00:00:00"
"SVC0247",39,"Room Service","General","In-room dining service","246.40","18.00","290.75","6AM-10PM",2,159,True,False,38,False,"2025-08-19 00:00:00","2025-08-19 00:00:00"
"SVC0248",31,"Indian Cuisine Restaurant","Dining","Authentic Indian cuisine","1028.95","18.00","1214.16","9AM-9PM",1,240,True,True,45,True,"2025-08-19 00:00:00","2025-08-19 00:00:00"
"SVC0249",15,"Indian Cuisine Restaurant","Dining","Authentic Indian cuisine","1025.38","18.00","1209.95","9AM-9PM",4,199,False,False,30,False,"2025-08-19 00:00:00","2025-08-19 00:00:00"
"SVC0250",25,"Yoga & Meditation","Wellness","Morning yoga sessions","418.56","18.00","493.90","24 hours",2,234,True,False,18,False,"2025-08-19 00:00:00","2025-08-19 00:00:00"
"SVC0251",7,"Laundry Service","General","Clothes washing service","169.76","18.00","200.32","9AM-9PM",1,126,True,True,22,False,"2025-08-19 00:00:00","2025-08-19 00:00:00"
"SVC0252",2,"Airport Transfer","Transportation","Pick-up/drop service","800.86","18.00","945.01","24 hours",2,49,True,False,48,False,"2025-08-19 00:00:00","2025-08-19 00:00:00"
"SVC0253",37,"Yoga & Meditation","Wellness","Morning yoga sessions","469.75","18.00","554.31","24 hours",3,211,False,True,34,False,"2025-08-19 00:00:00","2025-08-19 00:00:00"
"SVC0254",27,"Laundry Service","General","Clothes washing service","182.77","18.00","215.67","24 hours",3,87,True,False,43,False,"2025-08-19 00:00:00","2025-08-19 00:00:00"
"SVC0255",22,"Room Service","General","In-room dining service","238.66","18.00","281.62","6AM-10PM",3,191,False,False,32,False,"2025-08-19 00:00:00","2025-08-19 00:00:00"
"SVC0256",17,"Airport Transfer","Transportation","Pick-up/drop service","744.37","18.00","878.36","9AM-9PM",4,151,True,False,38,True,"2025-08-19 00:00:00","2025-08-19 00:00:00"
"SVC0257",21,"Indian Cuisine Restaurant","Dining","Authentic Indian cuisine","1037.66","18.00","1224.44","9AM-9PM",4,95,False,False,44,False,"2025-08-19 00:00:00","2025-08-19 00:00:00"
"SVC0258",35,"Yoga & Meditation","Wellness","Morning yoga sessions","583.91","18.00","689.01","9AM-9PM",3,192,True,False,42,False,"2025-08-19 00:00:00","2025-08-19 00:00:00"
"SVC0259",43,"Airport Transfer","Transportation","Pick-up/drop service","891.76","18.00","1052.28","9AM-9PM",4,125,True,True,37,True,"2025-08-19 00:00:00","2025-08-19 00:00:00"
"SVC0260",6,"Ayurvedic Spa","Wellness","Traditional Ayurvedic treatments","2696.80","18.00","3182.22","9AM-9PM",2,138,True,True,13,True,"2025-08-19 00:00:00","2025-08-19 00:00:00"
"SVC0261",24,"Ayurvedic Spa","Wellness","Traditional Ayurvedic treatments","2405.37","18.00","2838.34","24 hours",4,168,False,False,27,True,"2025-08-19 00:00:00","2025-08-19 00:00:00"
"SVC0262",25,"Airport Transfer","Transportation","Pick-up/drop service","645.68","18.00","761.90","24 hours",2,63,False,False,35,True,"2025-08-19 00:00:00","2025-08-19 00:00:00"
"SVC0263",5,"Yoga & Meditation","Wellness","Morning yoga sessions","478.50","18.00","564.63","24 hours",1,50,False,False,13,False,"2025-08-19 00:00:00","2025-08-19 00:00:00"
"SVC0264",48,"Indian Cuisine Restaurant","Dining","Authentic Indian cuisine","944.10","18.00","1114.04","9AM-9PM",3,40,True,True,44,True,"2025-08-19 00:00:00","2025-08-19 00:00:00"
"SVC0265",16,"Cultural Show","Entertainment","Traditional dance performances","1516.61","18.00","1789.60","24 hours",2,231,True,True,30,False,"2025-08-19 00:00:00","2025-08-19 00:00:00"
"SVC0266",41,"Ayurvedic Spa","Wellness","Traditional Ayurvedic treatments","2527.29","18.00","2982.20","24 hours",4,142,True,True,35,True,"2025-08-19 00:00:00","2025-08-19 00:00:00"
"SVC0267",19,"Yoga & Meditation","Wellness","Morning yoga sessions","576.57","18.00","680.35","6AM-10PM",4,129,False,False,39,True,"2025-08-19 00:00:00","2025-08-19 00:00:00"
"SVC0268",46,"Room Service","General","In-room dining service","221.36","18.00","261.20","6AM-10PM",1,117,True,False,16,False,"2025-08-19 00:00:00","2025-08-19 00:00:00"
"SVC0269",36,"Room Service","General","In-room dining service","217.95","18.00","257.18","6AM-10PM",3,159,True,False,46,True,"2025-08-19 00:00:00","2025-08-19 00:00:00"
"SVC0270",14,"Cultural Show","Entertainment","Traditional dance performances","987.61","18.00","1165.38","9AM-9PM",4,38,True,False,6,False,"2025-08-19 00:00:00","2025-08-19 00:00:00"
"SVC0271",9,"Ayurvedic Spa","Wellness","Traditional Ayurvedic treatments","2026.01","18.00","2390.69","6AM-10PM",4,109,True,False,24,True,"2025-08-19 00:00:00","2025-08-19 00:00:00"
"SVC0272",16,"Temple Tour","Tourism","Guided cultural tours","1648.53","18.00","1945.27","9AM-9PM",1,191,False,False,37,True,"2025-08-19 00:00:00","2025-08-19 00:00:00"
"SVC0273",49,"Temple Tour","Tourism","Guided cultural tours","1802.12","18.00","2126.50","9AM-9PM",2,121,True,True,32,False,"2025-08-19 00:00:00","2025-08-19 00:00:00"
"SVC0274",49,"Yoga & Meditation","Wellness","Morning yoga sessions","509.58","18.00","601.30","9AM-9PM",1,36,True,True,24,True,"2025-08-19 00:00:00","2025-08-19 00:00:00"
"SVC0275",23,"Cultural Show","Entertainment","Traditional dance performances","1388.14","18.00","1638.01","6AM-10PM",2,63,False,True,20,False,"2025-08-19 00:00:00","2025-08-19 00:00:00"
"SVC0276",45,"Laundry Service","General","Clothes washing service","122.08","18.00","144.05","24 hours",3,97,False,True,45,True,"2025-08-19 00:00:00","2025-08-19 00:00:00"
"SVC0277",29,"Indian Cuisine Restaurant","Dining","Authentic Indian cuisine","780.76","18.00","921.30","24 hours",3,167,False,False,19,False,"2025-08-19 00:00:00","2025-08-19 00:00:00"
"SVC0278",10,"Indian Cuisine Restaurant","Dining","Authentic Indian cuisine","851.32","18.00","1004.56","9AM-9PM",2,54,False,False,4,False,"2025-08-19 00:00:00","2025-08-19 00:00:00"
"SVC0279",40,"Airport Transfer","Transportation","Pick-up/drop service","998.80","18.00","1178.58","6AM-10PM",4,131,True,False,48,False,"2025-08-19 00:00:00","2025-08-19 00:00:00"
"SVC0280",2,"Yoga & Meditation","Wellness","Morning yoga sessions","445.96","18.00","526.23","6AM-10PM",2,192,True,False,25,True,"2025-08-19 00:00:00","2025-08-19 00:00:00"
"SVC0281",30,"Laundry Service","General","Clothes washing service","130.04","18.00","153.45","24 hours",2,181,True,False,4,True,"2025-08-19 00:00:00","2025-08-19 00:00:00"
"SVC0282",8,"Cultural Show","Entertainment","Traditional dance performances","1153.69","18.00","1361.35","24 hours",2,61,True,True,42,False,"2025-08-19 00:00:00","2025-08-19 00:00:00"
"SVC0283",23,"Indian Cuisine Restaurant","Dining","Authentic Indian cuisine","873.40","18.00","1030.61","9AM-9PM",2,82,False,True,19,True,"2025-08-19 00:00:00","2025-08-19 00:00:00"
"SVC0284",43,"Cultural Show","Entertainment","Traditional dance performances","979.08","18.00","1155.31","6AM-10PM",3,75,False,False,6,True,"2025-08-19 00:00:00","2025-08-19 00:00:00"
"SVC0285",50,"Indian Cuisine Restaurant","Dining","Authentic Indian cuisine","706.09","18.00","833.19","6AM-10PM",1,90,True,False,25,False,"2025-08-19 00:00:00","2025-08-19 00:00:00"
"SVC0286",46,"Airport Transfer","Transportation","Pick-up/drop service","692.90","18.00","817.62","9AM-9PM",3,212,False,False,29,False,"2025-08-19 00:00:00","2025-08-19 00:00:00"
"SVC0287",16,"Laundry Service","General","Clothes washing service","159.13","18.00","187.77","6AM-10PM",1,111,False,False,17,True,"2025-08-19 00:00:00","2025-08-19 00:00:00"
"SVC0288",26,"Temple Tour","Tourism","Guided cultural tours","1410.08","18.00","1663.89","24 hours",2,159,True,True,24,True,"2025-08-19 00:00:00","2025-08-19 00:00:00"
"SVC0289",18,"Temple Tour","Tourism","Guided cultural tours","1821.34","18.00","2149.18","9AM-9PM",2,92,False,True,5,False,"2025-08-19 00:00:00","2025-08-19 00:00:00"
"SVC0290",27,"Airport Transfer","Transportation","Pick-up/drop service","973.86","18.00","1149.15","9AM-9PM",4,76,True,True,11,True,"2025-08-19 00:00:00","2025-08-19 00:00:00"
"SVC0291",44,"Indian Cuisine Restaurant","Dining","Authentic Indian cuisine","1020.47","18.00","1204.15","6AM-10PM",1,169,True,False,25,True,"2025-08-19 00:00:00","2025-08-19 00:00:00"
"SVC0292",35,"Yoga & Meditation","Wellness","Morning yoga sessions","543.32","18.00","641.12","9AM-9PM",3,184,True,False,26,True,"2025-08-19 00:00:00","2025-08-19 00:00:00"
"SVC0293",48,"Ayurvedic Spa","Wellness","Traditional Ayurvedic treatments","2856.32","18.00","3370.46","6AM-10PM",3,204,True,True,6,True,"2025-08-19 00:00:00","2025-08-19 00:00:00"
"SVC0294",9,"Cultural Show","Entertainment","Traditional dance performances","1066.74","18.00","1258.75","6AM-10PM",2,177,True,False,6,False,"2025-08-19 00:00:00","2025-08-19 00:00:00"
"SVC0295",39,"Temple Tour","Tourism","Guided cultural tours","1872.95","18.00","2210.08","24 hours",4,178,True,True,41,True,"2025-08-19 00:00:00","2025-08-19 00:00:00"
"SVC0296",50,"Laundry Service","General","Clothes washing service","134.66","18.00","158.90","24 hours",1,199,True,True,19,False,"2025-08-19 00:00:00","2025-08-19 00:00:00"
"SVC0297",47,"Cultural Show","Entertainment","Traditional dance performances","1304.82","18.00","1539.69","24 hours",1,211,True,False,26,False,"2025-08-19 00:00:00","2025-08-19 00:00:00"
"SVC0298",39,"Ayurvedic Spa","Wellness","Traditional Ayurvedic treatments","2460.99","18.00","2903.97","9AM-9PM",3,166,True,True,13,False,"2025-08-19 00:00:00","2025-08-19 00:00:00"
"SVC0299",8,"Room Service","General","In-room dining service","179.24","18.00","211.50","9AM-9PM",4,116,False,True,45,True,"2025-08-19 00:00:00","2025-08-19 00:00:00"
"SVC0300",15,"Cultural Show","Entertainment","Traditional dance performances","1280.98","18.00","1511.56","6AM-10PM",1,219,False,False,39,False,"2025-08-19 00:00:00","2025-08-19 00:00:00"
